<?xml version="1.0" encoding="UTF-8"?>
<beans xmlns="http://www.springframework.org/schema/beans"
	xmlns:xsi="http://www.w3.org/2001/XMLSchema-instance" xmlns:context="http://www.springframework.org/schema/context"
	xmlns:mvc="http://www.springframework.org/schema/mvc"
	xsi:schemaLocation="http://www.springframework.org/schema/beans http://www.springframework.org/schema/beans/spring-beans.xsd
        http://www.springframework.org/schema/context http://www.springframework.org/schema/context/spring-context-4.0.xsd
        http://www.springframework.org/schema/mvc http://www.springframework.org/schema/mvc/spring-mvc-4.0.xsd">


	<!-- 配置自动扫描的包 -->
	<context:component-scan base-package="com.jlb.controller"></context:component-scan>

	<mvc:annotation-driven />

	<!-- 配置视图解析器 如何把handler 方法返回值解析为实际的物理视图 -->
	<bean
		class="org.springframework.web.servlet.view.InternalResourceViewResolver">
		<property name="prefix" value="/WEB-INF/view/"></property>
		<property name="suffix" value=".jsp"></property>
	</bean>

	<mvc:interceptors>
		<mvc:interceptor>
			<mvc:mapping path="/*" />
			<!-- 使用bean定义一个Interceptor，直接定义在mvc:interceptors根下面的Interceptor将拦截所有的请求 -->
			<bean class="com.jlb.interceptor.AuthorizationInterceptor" />
		</mvc:interceptor>
	</mvc:interceptors>
</beans>